"ID"	"CNAME"
"AD"	"Andorra"
"AE"	"United Arab Emirates"
"AF"	"Afghanistan"
"AG"	"Antigua"
"AI"	"Anguilla"
"AL"	"Albania"
"AM"	"Armenia"
"AN"	"Netherlands Antilles"
"AO"	"Angola"
"AP"	"ARIPO - African Regional Industrial Property Organisation"
"AR"	"Argentina"
"AS"	"American Samoa"
"AT"	"Austria"
"AU"	"Australia"
"AW"	"Aruba"
"AZ"	"Azerbaijan"
"BA"	"Bosnia-Herzegovina"
"BB"	"Barbados"
"BD"	"Bangladesh"
"BE"	"Belgium"
"BF"	"Burkina Faso"
"BG"	"Bulgaria"
"BH"	"Bahrain"
"BI"	"Burundi"
"BJ"	"Benin"
"BM"	"Bermuda"
"BN"	"Brunei"
"BO"	"Bolivia"
"BR"	"Brazil"
"BS"	"Bahamas"
"BT"	"Bhutan"
"BV"	"British Virgin Islands"
"BW"	"Botswana"
"BY"	"Belarus"
"BZ"	"Belize"
"CA"	"Canada"
"CF"	"Central African Republic"
"CG"	"Congo"
"CH"	"Switzerland"
"CI"	"Ivory Coast"
"CK"	"Cook Islands"
"CL"	"Chile"
"CM"	"Cameroon"
"CN"	"China"
"CO"	"Colombia"
"CR"	"Costa Rica"
"CS"	"Czechoslovakia"
"CU"	"Cuba"
"CV"	"Cape Verde"
"CY"	"Cyprus"
"CZ"	"Czech Republic"
"DD"	"German Democratic Republic"
"DE"	"Germany"
"DJ"	"Djibouti"
"DK"	"Denmark"
"DM"	"Dominica"
"DO"	"Dominican Republic"
"DZ"	"Algeria"
"EA"	"Eurasian Patent Office"
"EC"	"Ecuador"
"EE"	"Estonia"
"EG"	"Egypt"
"EP"	"European Patent Office"
"ER"	"Eritrea"
"ES"	"Spain"
"ET"	"Ethiopia"
"FI"	"Finland"
"FJ"	"Fiji"
"FK"	"Falkland Islands"
"FM"	"Micronesia"
"FR"	"France"
"GA"	"Gabon"
"GB"	"United Kingdom"
"GD"	"Grenada"
"GE"	"Georgia"
"GF"	"French Guyana"
"GH"	"Ghana"
"GI"	"Gibraltar"
"GK"	"Guernsey"
"GL"	"Greenland"
"GM"	"The Gambia"
"GN"	"Guinea"
"GP"	"Guadeloupe"
"GQ"	"Equatorial Guinea"
"GR"	"Greece"
"GT"	"Guatemala"
"GU"	"Guam"
"GW"	"Guinea-Bissau"
"GY"	"Guyana"
"HK"	"Hong Kong"
"HN"	"Honduras"
"HR"	"Croatia"
"HT"	"Haiti"
"HU"	"Hungary"
"ID"	"Indonesia"
"IE"	"Ireland"
"IL"	"Israel"
"IN"	"India"
"IQ"	"Iraq"
"IR"	"Iran"
"IS"	"Iceland"
"IT"	"Italy"
"JE"	"Jersey"
"JM"	"Jamaica"
"JO"	"Jordan"
"JP"	"Japan"
"KE"	"Kenya"
"KG"	"Kyrgyzstan"
"KH"	"Cambodia Kampuchea"
"KI"	"Kiribati"
"KM"	"Comoros"
"KN"	"St Kitts-Nevis"
"KP"	"Korea, North"
"KR"	"Korea, South"
"KW"	"Kuwait"
"KY"	"Cayman Islands"
"KZ"	"Kazakhstan"
"LA"	"Laos"
"LB"	"Lebanon"
"LC"	"St Lucia"
"LI"	"Liechtenstein"
"LK"	"Sri Lanka"
"LR"	"Liberia"
"LS"	"Lesotho"
"LT"	"Lithuania"
"LU"	"Luxembourg"
"LV"	"Latvia"
"LY"	"Libya"
"MA"	"Morocco"
"MC"	"Monaco"
"MD"	"Moldova"
"MG"	"Madagascar"
"MH"	"Marshall Islands"
"MK"	"Macedonia"
"ML"	"Mali"
"MM"	"Myanmar"
"MN"	"Mongolia"
"MO"	"Macão"
"MP"	"Northern Marianas"
"MQ"	"Martinique"
"MR"	"Mauritania"
"MS"	"Montserrat"
"MT"	"Malta"
"MU"	"Mauritius"
"MV"	"Maldives"
"MW"	"Malawi"
"MX"	"Mexico"
"MY"	"Malaysia"
"MZ"	"Mozambique"
"NA"	"Namibia"
"NC"	"New Caledonia"
"NE"	"Niger"
"NF"	"Norfolk Island"
"NG"	"Nigeria"
"NI"	"Nicaragua"
"NL"	"Netherlands"
"NO"	"Norway"
"NP"	"Nepal"
"NR"	"Nauru"
"NU"	"Niue"
"NZ"	"New Zealand"
"OA"	"OAPI - African Intellectual Property Organisation"
"OM"	"Oman"
"PA"	"Panama"
"PE"	"Perú"
"PF"	"French Polynesia"
"PG"	"Papua New Guinea"
"PH"	"Philippines"
"PK"	"Pakistan"
"PL"	"Poland"
"PM"	"St Pierre & Miquelon"
"PN"	"Pitcairn"
"PR"	"Puerto Rico"
"PS"	"Palestine"
"PT"	"Portugal"
"PW"	"Palau"
"PY"	"Paraguay"
"QA"	"Qatar"
"RE"	"Réunion"
"RO"	"Romania"
"RU"	"Russia"
"RW"	"Rwanda"
"SA"	"Saudi Arabia"
"SB"	"Solomon Islands"
"SC"	"Seychelles"
"SD"	"Sudan"
"SE"	"Sweden"
"SG"	"Singapore"
"SH"	"St Helena"
"SI"	"Slovenia"
"SK"	"Slovakia"
"SL"	"Sierra Leone"
"SM"	"San Marino"
"SN"	"Senegal"
"SO"	"Somalia"
"SR"	"Surinam"
"ST"	"São Tomé and Principe"
"SU"	"USSR"
"SV"	"El Salvador"
"SY"	"Syria"
"SZ"	"Swaziland"
"TC"	"Turks and Caicos Islands"
"TD"	"Chad"
"TG"	"Togo"
"TH"	"Thailand"
"TJ"	"Tajikistan"
"TK"	"Tokelau"
"TM"	"Turkmenistan"
"TN"	"Tunisia"
"TO"	"Tonga"
"TR"	"Turkey"
"TT"	"Trinidad and Tobago"
"TV"	"Tuvalu"
"TW"	"Taiwan, ROC"
"TZ"	"Tanzania"
"UA"	"Ukraine"
"UG"	"Uganda"
"UK"	"United Kingdom (UK)"
"US"	"United States of America"
"UY"	"Uruguay"
"UZ"	"Uzbekistan"
"VA"	"Vatican City"
"VC"	"St Vincent & the Grenadines"
"VE"	"Venezuela"
"VI"	"Virgin Islands (US)"
"VN"	"Viet Nam"
"VU"	"Vanuatu"
"WE"	"Western Sahara"
"WF"	"Wallis & Futuna Islands"
"WO"	"International"
"WS"	"Western Samoa"
"YE"	"Yemen"
"YT"	"Mayotte"
"YU"	"Yugoslavia"
"ZA"	"South Africa"
"ZM"	"Zambia"
"ZR"	"Democratic Republic of the Congo"
"ZW"	"Zimbabwe"
